Category,Text,Count
Energy,Lorem ipsum,1
Energy,Lorem ipsum,1
Energy,Lorem ipsum,1
Energy,Lorem ipsum,1
Energy,Lorem ipsum,1
Energy,Lorem ipsum,1
Energy,Lorem ipsum,1
Energy,Lorem ipsum,1
Energy,Lorem ipsum,1
Energy,Lorem ipsum,1
Electricity,Lorem ipsum,1
Electricity,Lorem ipsum,1
Electricity,Lorem ipsum,1
Electricity,Lorem ipsum,1
Electricity,Lorem ipsum,1
Electricity,Lorem ipsum,1
Electricity,Lorem ipsum,1
Electricity,Lorem ipsum,1
Electricity,Lorem ipsum,1
Electricity,Lorem ipsum,1
Electricity,Lorem ipsum,1
Electricity,Lorem ipsum,1
Electricity,Lorem ipsum,1
Electricity,Lorem ipsum,1
Electricity,Lorem ipsum,1
Electricity,Lorem ipsum,1
Electricity,Lorem ipsum,1
Electricity,Lorem ipsum,1
Electricity,Lorem ipsum,1
Electricity,Lorem ipsum,1
Electricity,Lorem ipsum,1
Electricity,Lorem ipsum,1
Electricity,Lorem ipsum,1
Electricity,Lorem ipsum,1
Electricity,Lorem ipsum,1
Electricity,Lorem ipsum,1
Electricity,Lorem ipsum,1
Electricity,Lorem ipsum,1
Electricity,Lorem ipsum,1
Transportation,Lorem ipsum,1
Transportation,Lorem ipsum,1
Transportation,Lorem ipsum,1
Transportation,Lorem ipsum,1
Transportation,Lorem ipsum,1
Transportation,Lorem ipsum,1
Transportation,Lorem ipsum,1
Transportation,Lorem ipsum,1
Transportation,Lorem ipsum,1
Transportation,Lorem ipsum,1
Transportation,Lorem ipsum,1
Transportation,Lorem ipsum,1
Transportation,Lorem ipsum,1
Transportation,Lorem ipsum,1
Transportation,Lorem ipsum,1
Transportation,Lorem ipsum,1
Transportation,Lorem ipsum,1
Transportation,Lorem ipsum,1
Transportation,Lorem ipsum,1
Transportation,Lorem ipsum,1
Transportation,Lorem ipsum,1
Transportation,Lorem ipsum,1
Transportation,Lorem ipsum,1
Transportation,Lorem ipsum,1
Transportation,Lorem ipsum,1
Transportation,Lorem ipsum,1
Transportation,Lorem ipsum,1
Transportation,Lorem ipsum,1
Transportation,Lorem ipsum,1
Transportation,Lorem ipsum,1
Transportation,Lorem ipsum,1
Transportation,Lorem ipsum,1
Transportation,Lorem ipsum,1
Transportation,Lorem ipsum,1
Transportation,Lorem ipsum,1
Transportation,Lorem ipsum,1
Transportation,Lorem ipsum,1
Transportation,Lorem ipsum,1
Transportation,Lorem ipsum,1
Transportation,Lorem ipsum,1
Transportation,Lorem ipsum,1
Transportation,Lorem ipsum,1
Transportation,Lorem ipsum,1
Transportation,Lorem ipsum,1
Transportation,Lorem ipsum,1
Transportation,Lorem ipsum,1
Transportation,Lorem ipsum,1
Transportation,Lorem ipsum,1
Transportation,Lorem ipsum,1
Transportation,Lorem ipsum,1
Transportation,Lorem ipsum,1
Transportation,Lorem ipsum,1
Transportation,Lorem ipsum,1
Transportation,Lorem ipsum,1
Transportation,Lorem ipsum,1
Transportation,Lorem ipsum,1
Transportation,Lorem ipsum,1
Transportation,Lorem ipsum,1
Transportation,Lorem ipsum,1
Transportation,Lorem ipsum,1
Transportation,Lorem ipsum,1
Transportation,Lorem ipsum,1
Transportation,Lorem ipsum,1
Transportation,Lorem ipsum,1
Transportation,Lorem ipsum,1
Transportation,Lorem ipsum,1
Transportation,Lorem ipsum,1
Education,Lorem ipsum,1
Education,Lorem ipsum,1
Education,Lorem ipsum,1
Education,Lorem ipsum,1
Education,Lorem ipsum,1
Education,Lorem ipsum,1
Education,Lorem ipsum,1
Education,Lorem ipsum,1
Education,Lorem ipsum,1
Education,Lorem ipsum,1
Education,Lorem ipsum,1
Education,Lorem ipsum,1
Education,Lorem ipsum,1
Education,Lorem ipsum,1
Education,Lorem ipsum,1
Education,Lorem ipsum,1
Education,Lorem ipsum,1
Education,Lorem ipsum,1
Education,Lorem ipsum,1
Education,Lorem ipsum,1
Education,Lorem ipsum,1
Education,Lorem ipsum,1
Education,Lorem ipsum,1
Education,Lorem ipsum,1
Education,Lorem ipsum,1
Education,Lorem ipsum,1
Education,Lorem ipsum,1
Education,Lorem ipsum,1
Education,Lorem ipsum,1
Education,Lorem ipsum,1
Education,Lorem ipsum,1
Education,Lorem ipsum,1
Education,Lorem ipsum,1
Education,Lorem ipsum,1
Education,Lorem ipsum,1
Education,Lorem ipsum,1
Education,Lorem ipsum,1
Education,Lorem ipsum,1
Education,Lorem ipsum,1
Education,Lorem ipsum,1
Education,Lorem ipsum,1
Education,Lorem ipsum,1
Education,Lorem ipsum,1
